{
    "rmse": 0.7123228607940143,
    "mae": 0.5701324775086124,
    "r2": 0.27781972956195744
}