{
    "rmse": 0.6803282373028496,
    "mae": 0.5418577349668122,
    "r2": 0.264622639860816
}