{
    "rmse": 0.6826815292687277,
    "mae": 0.5323196530598576,
    "r2": 0.21307051293544454
}